participant,code,candidate_theme,rationale
A,task feels overwhelming,Action becomes easier once the task becomes concrete,Task magnitude is described as inhibiting initiation
A,preference for easier activity,Avoidance regulates immediate discomfort,Alternative activity provides immediate completion
B,uncertainty about expectations,Uncertainty makes starting feel unsafe,Ambiguous instructions delay initiation
B,waiting for clarity,Uncertainty makes starting feel unsafe,Participant frames more information as prerequisite for action
C,fear of poor performance,Avoidance regulates immediate discomfort,Starting evokes self-evaluative concern
C,anticipatory anxiety,Avoidance regulates immediate discomfort,Distress is strongest before action begins
D,need for specific structure,Action becomes easier once the task becomes concrete,Concrete instructions facilitate initiation
D,ambiguity inhibits action,Uncertainty makes starting feel unsafe,Broad instruction produces prolonged indecision
E,productive avoidance,Avoidance regulates immediate discomfort,Useful activity functions as displacement
E,emotion regulation through alternative activity,Avoidance regulates immediate discomfort,Alternative activity reduces contact with worry
