participant,excerpt
P01,"When I see a large assignment I start by checking emails because that feels manageable, even though I know it is not the priority."
P02,"I usually wait until the lecturer gives an example. Until then I worry I will misunderstand the question."
P03,"I open the document early but sometimes stare at it for an hour because writing the first sentence feels like committing to an answer."
P04,"Deadlines help me. If there are smaller checkpoints I tend to work steadily, but with one final date I convince myself there is still plenty of time."
P05,"Paid work comes first some weeks. I would not call that procrastination because I am choosing rent over an essay."
P06,"I avoid assignments most when I care about them. If I think I might do badly, doing nothing protects me from finding out."
P07,"Clear rubrics make a big difference. I can turn criteria into a checklist and start with one item."
P08,"Sometimes I delay deliberately because I know I need time to think. Starting immediately is not always better for me."
P09,"I get distracted by useful tasks like cleaning or organising notes. They give me a sense that I have achieved something."
P10,"When feedback tells me exactly what to change I can move quickly. General comments like 'develop this' make me freeze."
P11,"My caring responsibilities are unpredictable, so the timetable other students use does not always fit my week."
P12,"I often think I need to feel motivated before I begin, but once I do five minutes the motivation usually follows."
P13,"If I have already had a bad grade in a subject, the next assignment feels threatening before I even read it."
P14,"I work best with another person nearby. It is not that they help with the work, it just makes leaving the task harder."
P15,"Sometimes I submit close to the deadline because I keep improving things. The delay is not always avoidance."
P16,"A vague title makes me search for more and more sources because I am afraid I have missed the right interpretation."
P17,"When lecturers release all deadlines at once I can plan. When dates change, I lose trust in my schedule and postpone."
P18,"I know exactly what to do but still choose games because the reward is immediate and the essay reward feels far away."
