participant,initial_code,candidate_theme,analytic_note
P01,productive displacement,Avoidance regulates immediate discomfort,Manageable tasks provide immediate completion
P02,waiting for exemplars,Uncertainty makes starting feel unsafe,Ambiguity creates perceived risk of wrong action
P03,commitment anxiety,Evaluation threat shapes initiation,First sentence symbolises commitment
P04,external structure supports pacing,Structure changes the action environment,Checkpoints create proximal cues
P05,competing material priorities,Delay is not always procrastination,Delay can reflect rational prioritisation
P06,self-protective avoidance,Evaluation threat shapes initiation,Avoidance postpones possible evidence of failure
P07,rubric as action scaffold,Structure changes the action environment,Criteria become concrete steps
P08,deliberate incubation,Delay is not always procrastination,Participant distinguishes reflection from avoidance
P09,productive displacement,Avoidance regulates immediate discomfort,Alternative achievement regulates discomfort
P10,actionable feedback,Structure changes the action environment,Specific feedback reduces ambiguity
P11,caring constraints,Delay is not always procrastination,Standard schedules may misclassify constrained choices
P12,action precedes motivation,Action changes internal state,Behavioural initiation changes felt motivation
P13,grade-linked threat,Evaluation threat shapes initiation,Prior evaluation changes emotional meaning of new task
P14,social accountability,Structure changes the action environment,Presence of another person changes persistence
P15,perfectionistic extension,Delay is not always procrastination,Later submission can reflect extended quality work
P16,uncertainty-driven information seeking,Uncertainty makes starting feel unsafe,Searching functions as postponement and risk reduction
P17,unstable scheduling,Structure changes the action environment,Changing external cues disrupt planning
P18,immediate reward competition,Avoidance regulates immediate discomfort,Immediate reinforcement outweighs delayed academic reward
