participant_id,self_efficacy,procrastination,study_hours,employment_hours
S001,78,24,18,8
S002,72,31,16,10
S003,65,38,14,12
S004,81,20,20,6
S005,59,49,11,18
S006,67,35,15,14
S007,74,29,17,10
S008,52,57,9,22
S009,88,17,23,4
S010,61,43,12,16
S011,70,32,16,12
S012,55,53,10,20
S013,83,19,21,5
S014,64,40,13,15
S015,76,27,18,9
S016,58,47,11,17
S017,69,34,15,11
S018,86,18,22,5
S019,50,60,8,24
S020,73,30,17,10
S021,62,42,13,15
S022,79,23,19,7
S023,57,51,10,19
S024,68,36,15,13
S025,84,21,21,6
S026,54,55,9,21
S027,71,33,16,12
S028,77,26,18,8
S029,60,45,12,17
S030,82,22,20,7
