domain,addressed,evidence_or_action
research_question,yes,Question and population explicitly defined
vulnerability,yes,Minors and self-harm topic identified as heightened-risk context
informed_consent,yes,Participant information and voluntary consent required
assent_parental_arrangements,review_required,Institution-specific requirements must be determined
coercion_power,yes,Teacher-student power imbalance identified
distress_safeguarding,yes,Predefined escalation and support protocol required
confidentiality,yes,Confidentiality limits explained before participation
data_minimisation,yes,Collect only data needed for the research question
identifier_separation,yes,Contact details separated from research responses
withdrawal,yes,Withdrawal window and anonymisation limit specified
data_security,yes,Restricted access retention and deletion plan required
analysis_integrity,yes,No undisclosed outcome switching or selective reporting
reporting,yes,Aggregate reporting and non-stigmatising language
ethics_approval,no,Formal institutional approval not obtained for this fictional exercise
animal_research,not_applicable,No animals involved; 3Rs knowledge documented separately
